color_id,episode_id
4E1500,S01E01
DB0000,S01E01
FFEC00,S01E01
102E3C,S01E01
021E44,S01E01
0A3410,S01E01
FFFFFF,S01E01
221B15,S01E01
4E1500,S01E02
DB0000,S01E02
FFEC00,S01E02
102E3C,S01E02
021E44,S01E02
0A3410,S01E02
FFFFFF,S01E02
221B15,S01E02
4E1500,S01E03
000000,S01E03
DB0000,S01E03
FFEC00,S01E03
102E3C,S01E03
021E44,S01E03
0A3410,S01E03
FFFFFF,S01E03
221B15,S01E03
021E44,S01E04
FFFFFF,S01E04
221B15,S01E04
4E1500,S01E05
DB0000,S01E05
FFEC00,S01E05
102E3C,S01E05
021E44,S01E05
0A3410,S01E05
FFFFFF,S01E05
221B15,S01E05
000000,S01E06
021E44,S01E06
FFFFFF,S01E06
221B15,S01E06
4E1500,S01E07
DB0000,S01E07
FFEC00,S01E07
102E3C,S01E07
021E44,S01E07
0A3410,S01E07
FFFFFF,S01E07
221B15,S01E07
4E1500,S01E08
DB0000,S01E08
FFEC00,S01E08
102E3C,S01E08
021E44,S01E08
0A3410,S01E08
FFFFFF,S01E08
221B15,S01E08
4E1500,S01E09
DB0000,S01E09
FFEC00,S01E09
102E3C,S01E09
021E44,S01E09
0A3410,S01E09
FFFFFF,S01E09
221B15,S01E09
4E1500,S01E10
DB0000,S01E10
FFEC00,S01E10
102E3C,S01E10
021E44,S01E10
0A3410,S01E10
FFFFFF,S01E10
221B15,S01E10
4E1500,S01E11
DB0000,S01E11
FFEC00,S01E11
102E3C,S01E11
021E44,S01E11
0A3410,S01E11
FFFFFF,S01E11
221B15,S01E11
4E1500,S01E12
021E44,S01E12
FFFFFF,S01E12
221B15,S01E12
4E1500,S01E13
DB0000,S01E13
FFEC00,S01E13
102E3C,S01E13
021E44,S01E13
0A3410,S01E13
FFFFFF,S01E13
221B15,S01E13
4E1500,S02E01
DB0000,S02E01
8A3324,S02E01
FFEC00,S02E01
FFB800,S02E01
0C0040,S02E01
102E3C,S02E01
021E44,S02E01
0A3410,S02E01
FFFFFF,S02E01
221B15,S02E01
C79B00,S02E01
4E1500,S02E02
DB0000,S02E02
8A3324,S02E02
FFEC00,S02E02
FFB800,S02E02
0C0040,S02E02
102E3C,S02E02
021E44,S02E02
0A3410,S02E02
FFFFFF,S02E02
221B15,S02E02
C79B00,S02E02
4E1500,S02E03
000000,S02E03
DB0000,S02E03
8A3324,S02E03
FFEC00,S02E03
FFB800,S02E03
0C0040,S02E03
102E3C,S02E03
021E44,S02E03
0A3410,S02E03
FFFFFF,S02E03
221B15,S02E03
C79B00,S02E03
021E44,S02E04
FFFFFF,S02E04
221B15,S02E04
4E1500,S02E05
DB0000,S02E05
8A3324,S02E05
FFEC00,S02E05
0C0040,S02E05
102E3C,S02E05
021E44,S02E05
0A3410,S02E05
FFFFFF,S02E05
221B15,S02E05
C79B00,S02E05
4E1500,S02E06
DB0000,S02E06
8A3324,S02E06
FFEC00,S02E06
0C0040,S02E06
102E3C,S02E06
021E44,S02E06
0A3410,S02E06
FFFFFF,S02E06
221B15,S02E06
C79B00,S02E06
4E1500,S02E07
DB0000,S02E07
8A3324,S02E07
FFEC00,S02E07
0C0040,S02E07
102E3C,S02E07
021E44,S02E07
0A3410,S02E07
FFFFFF,S02E07
221B15,S02E07
C79B00,S02E07
4E1500,S02E08
DB0000,S02E08
8A3324,S02E08
FFEC00,S02E08
FFB800,S02E08
0C0040,S02E08
102E3C,S02E08
021E44,S02E08
0A3410,S02E08
FFFFFF,S02E08
221B15,S02E08
C79B00,S02E08
4E1500,S02E09
000000,S02E09
DB0000,S02E09
FFEC00,S02E09
FFB800,S02E09
0C0040,S02E09
102E3C,S02E09
021E44,S02E09
0A3410,S02E09
FFFFFF,S02E09
221B15,S02E09
C79B00,S02E09
4E1500,S02E10
DB0000,S02E10
8A3324,S02E10
FFEC00,S02E10
FFB800,S02E10
0C0040,S02E10
102E3C,S02E10
021E44,S02E10
0A3410,S02E10
FFFFFF,S02E10
221B15,S02E10
C79B00,S02E10
4E1500,S02E11
000000,S02E11
8A3324,S02E11
FFEC00,S02E11
FFB800,S02E11
0C0040,S02E11
102E3C,S02E11
021E44,S02E11
0A3410,S02E11
FFFFFF,S02E11
221B15,S02E11
C79B00,S02E11
4E1500,S02E12
DB0000,S02E12
8A3324,S02E12
FFEC00,S02E12
FFB800,S02E12
0C0040,S02E12
102E3C,S02E12
021E44,S02E12
0A3410,S02E12
FFFFFF,S02E12
221B15,S02E12
C79B00,S02E12
4E1500,S02E13
DB0000,S02E13
8A3324,S02E13
FFEC00,S02E13
FFB800,S02E13
0C0040,S02E13
102E3C,S02E13
021E44,S02E13
0A3410,S02E13
FFFFFF,S02E13
221B15,S02E13
C79B00,S02E13
4E1500,S03E01
DB0000,S03E01
8A3324,S03E01
FFEC00,S03E01
FFB800,S03E01
0C0040,S03E01
102E3C,S03E01
021E44,S03E01
0A3410,S03E01
FFFFFF,S03E01
221B15,S03E01
C79B00,S03E01
4E1500,S03E02
DB0000,S03E02
8A3324,S03E02
FFEC00,S03E02
FFB800,S03E02
0C0040,S03E02
102E3C,S03E02
021E44,S03E02
0A3410,S03E02
FFFFFF,S03E02
221B15,S03E02
C79B00,S03E02
4E1500,S03E03
DB0000,S03E03
8A3324,S03E03
FFEC00,S03E03
FFB800,S03E03
0C0040,S03E03
102E3C,S03E03
021E44,S03E03
0A3410,S03E03
FFFFFF,S03E03
221B15,S03E03
C79B00,S03E03
4E1500,S03E04
DB0000,S03E04
FFEC00,S03E04
000000,S03E04
102E3C,S03E04
FFFFFF,S03E04
221B15,S03E04
4E1500,S03E05
8A3324,S03E05
FFEC00,S03E05
0A3410,S03E05
FFFFFF,S03E05
221B15,S03E05
C79B00,S03E05
4E1500,S03E06
DB0000,S03E06
8A3324,S03E06
FFEC00,S03E06
000000,S03E06
021E44,S03E06
0A3410,S03E06
FFFFFF,S03E06
221B15,S03E06
C79B00,S03E06
4E1500,S03E07
8A3324,S03E07
FFEC00,S03E07
0C0040,S03E07
102E3C,S03E07
021E44,S03E07
0A3410,S03E07
FFFFFF,S03E07
221B15,S03E07
C79B00,S03E07
4E1500,S03E08
000000,S03E08
8A3324,S03E08
FFEC00,S03E08
102E3C,S03E08
0A3410,S03E08
FFFFFF,S03E08
221B15,S03E08
C79B00,S03E08
4E1500,S03E09
DB0000,S03E09
8A3324,S03E09
FFEC00,S03E09
0C0040,S03E09
021E44,S03E09
0A3410,S03E09
FFFFFF,S03E09
221B15,S03E09
C79B00,S03E09
4E1500,S03E10
000000,S03E10
DB0000,S03E10
8A3324,S03E10
FFEC00,S03E10
FFB800,S03E10
221B15,S03E10
C79B00,S03E10
4E1500,S03E11
DB0000,S03E11
8A3324,S03E11
FFEC00,S03E11
FFB800,S03E11
0C0040,S03E11
102E3C,S03E11
021E44,S03E11
0A3410,S03E11
FFFFFF,S03E11
221B15,S03E11
C79B00,S03E11
4E1500,S03E12
DB0000,S03E12
8A3324,S03E12
FFEC00,S03E12
0C0040,S03E12
021E44,S03E12
0A3410,S03E12
FFFFFF,S03E12
221B15,S03E12
C79B00,S03E12
4E1500,S03E13
FFEC00,S03E13
0C0040,S03E13
102E3C,S03E13
021E44,S03E13
0A3410,S03E13
FFFFFF,S03E13
221B15,S03E13
C79B00,S03E13
4E1500,S04E01
0C0040,S04E01
FFFFFF,S04E01
221B15,S04E01
4E1500,S04E02
DB0000,S04E02
8A3324,S04E02
FFEC00,S04E02
FFB800,S04E02
0C0040,S04E02
0A3410,S04E02
FFFFFF,S04E02
221B15,S04E02
C79B00,S04E02
4E1500,S04E03
DB0000,S04E03
8A3324,S04E03
FFEC00,S04E03
FFB800,S04E03
0C0040,S04E03
102E3C,S04E03
021E44,S04E03
0A3410,S04E03
FFFFFF,S04E03
221B15,S04E03
C79B00,S04E03
000000,S04E04
DB0000,S04E04
8A3324,S04E04
FFEC00,S04E04
021E44,S04E04
FFFFFF,S04E04
4E1500,S04E05
000000,S04E05
DB0000,S04E05
8A3324,S04E05
FFEC00,S04E05
0C0040,S04E05
102E3C,S04E05
021E44,S04E05
FFFFFF,S04E05
221B15,S04E05
4E1500,S04E06
DB0000,S04E06
8A3324,S04E06
FFEC00,S04E06
FFB800,S04E06
0C0040,S04E06
021E44,S04E06
0A3410,S04E06
FFFFFF,S04E06
221B15,S04E06
C79B00,S04E06
4E1500,S04E07
DB0000,S04E07
8A3324,S04E07
FFEC00,S04E07
FFB800,S04E07
0C0040,S04E07
102E3C,S04E07
0A3410,S04E07
FFFFFF,S04E07
221B15,S04E07
C79B00,S04E07
4E1500,S04E08
DB0000,S04E08
8A3324,S04E08
FFEC00,S04E08
FFB800,S04E08
021E44,S04E08
0A3410,S04E08
FFFFFF,S04E08
221B15,S04E08
C79B00,S04E08
4E1500,S04E09
DB0000,S04E09
8A3324,S04E09
FFEC00,S04E09
FFB800,S04E09
0C0040,S04E09
102E3C,S04E09
021E44,S04E09
0A3410,S04E09
FFFFFF,S04E09
221B15,S04E09
C79B00,S04E09
4E1500,S04E10
DB0000,S04E10
8A3324,S04E10
FFEC00,S04E10
FFB800,S04E10
0C0040,S04E10
102E3C,S04E10
0A3410,S04E10
FFFFFF,S04E10
221B15,S04E10
C79B00,S04E10
4E1500,S04E11
DB0000,S04E11
8A3324,S04E11
FFEC00,S04E11
FFB800,S04E11
000000,S04E11
021E44,S04E11
0A3410,S04E11
FFFFFF,S04E11
221B15,S04E11
4E1500,S04E12
DB0000,S04E12
8A3324,S04E12
FFEC00,S04E12
FFB800,S04E12
0C0040,S04E12
102E3C,S04E12
021E44,S04E12
0A3410,S04E12
FFFFFF,S04E12
221B15,S04E12
C79B00,S04E12
4E1500,S04E13
FFEC00,S04E13
FFB800,S04E13
0C0040,S04E13
102E3C,S04E13
021E44,S04E13
0A3410,S04E13
FFFFFF,S04E13
221B15,S04E13
C79B00,S04E13
4E1500,S05E01
DB0000,S05E01
8A3324,S05E01
FFEC00,S05E01
FFB800,S05E01
0C0040,S05E01
102E3C,S05E01
0A3410,S05E01
FFFFFF,S05E01
221B15,S05E01
C79B00,S05E01
4E1500,S05E02
000000,S05E02
DB0000,S05E02
8A3324,S05E02
FFEC00,S05E02
FFB800,S05E02
0C0040,S05E02
102E3C,S05E02
0A3410,S05E02
FFFFFF,S05E02
221B15,S05E02
C79B00,S05E02
4E1500,S05E03
000000,S05E03
0C0040,S05E03
102E3C,S05E03
FFFFFF,S05E03
4E1500,S05E04
8A3324,S05E04
FFB800,S05E04
0C0040,S05E04
0A3410,S05E04
FFFFFF,S05E04
221B15,S05E04
4E1500,S05E05
DB0000,S05E05
8A3324,S05E05
FFEC00,S05E05
FFB800,S05E05
0C0040,S05E05
0A3410,S05E05
FFFFFF,S05E05
221B15,S05E05
C79B00,S05E05
4E1500,S05E06
FFB800,S05E06
000000,S05E06
021E44,S05E06
FFFFFF,S05E06
221B15,S05E06
4E1500,S05E07
DB0000,S05E07
8A3324,S05E07
FFEC00,S05E07
FFB800,S05E07
0C0040,S05E07
0A3410,S05E07
FFFFFF,S05E07
221B15,S05E07
C79B00,S05E07
4E1500,S05E08
8A3324,S05E08
FFEC00,S05E08
FFB800,S05E08
0C0040,S05E08
0A3410,S05E08
FFFFFF,S05E08
221B15,S05E08
C79B00,S05E08
4E1500,S05E09
FFEC00,S05E09
FFFFFF,S05E09
0C0040,S05E09
102E3C,S05E09
4E1500,S05E10
000000,S05E10
DB0000,S05E10
8A3324,S05E10
0C0040,S05E10
102E3C,S05E10
021E44,S05E10
0A3410,S05E10
FFFFFF,S05E10
221B15,S05E10
C79B00,S05E10
4E1500,S05E11
8A3324,S05E11
FFEC00,S05E11
FFB800,S05E11
021E44,S05E11
0A3410,S05E11
FFFFFF,S05E11
221B15,S05E11
DB0000,S05E12
8A3324,S05E12
FFB800,S05E12
021E44,S05E12
FFFFFF,S05E12
4E1500,S05E13
DB0000,S05E13
8A3324,S05E13
FFEC00,S05E13
FFB800,S05E13
0C0040,S05E13
102E3C,S05E13
0A3410,S05E13
FFFFFF,S05E13
221B15,S05E13
C79B00,S05E13
4E1500,S06E01
000000,S06E01
DB0000,S06E01
8A3324,S06E01
FFEC00,S06E01
FFB800,S06E01
0C0040,S06E01
021E44,S06E01
0A3410,S06E01
FFFFFF,S06E01
221B15,S06E01
C79B00,S06E01
4E1500,S06E02
DB0000,S06E02
8A3324,S06E02
FFEC00,S06E02
FFB800,S06E02
0C0040,S06E02
021E44,S06E02
0A3410,S06E02
FFFFFF,S06E02
221B15,S06E02
C79B00,S06E02
4E1500,S06E03
DB0000,S06E03
8A3324,S06E03
FFEC00,S06E03
FFB800,S06E03
0C0040,S06E03
0A3410,S06E03
FFFFFF,S06E03
221B15,S06E03
C79B00,S06E03
4E1500,S06E04
DB0000,S06E04
8A3324,S06E04
FFEC00,S06E04
FFB800,S06E04
0C0040,S06E04
021E44,S06E04
0A3410,S06E04
FFFFFF,S06E04
221B15,S06E04
C79B00,S06E04
4E1500,S06E05
000000,S06E05
DB0000,S06E05
8A3324,S06E05
FFEC00,S06E05
FFB800,S06E05
0C0040,S06E05
102E3C,S06E05
0A3410,S06E05
FFFFFF,S06E05
221B15,S06E05
C79B00,S06E05
4E1500,S06E06
8A3324,S06E06
FFEC00,S06E06
0C0040,S06E06
102E3C,S06E06
FFFFFF,S06E06
221B15,S06E06
C79B00,S06E06
4E1500,S06E07
DB0000,S06E07
8A3324,S06E07
FFEC00,S06E07
FFB800,S06E07
0C0040,S06E07
102E3C,S06E07
0A3410,S06E07
FFFFFF,S06E07
221B15,S06E07
C79B00,S06E07
4E1500,S06E08
DB0000,S06E08
FFEC00,S06E08
FFB800,S06E08
021E44,S06E08
FFFFFF,S06E08
221B15,S06E08
4E1500,S06E09
DB0000,S06E09
8A3324,S06E09
FFEC00,S06E09
FFB800,S06E09
0C0040,S06E09
102E3C,S06E09
0A3410,S06E09
FFFFFF,S06E09
221B15,S06E09
C79B00,S06E09
4E1500,S06E10
DB0000,S06E10
8A3324,S06E10
FFEC00,S06E10
FFB800,S06E10
021E44,S06E10
0A3410,S06E10
FFFFFF,S06E10
221B15,S06E10
C79B00,S06E10
4E1500,S06E11
DB0000,S06E11
8A3324,S06E11
FFEC00,S06E11
FFB800,S06E11
0C0040,S06E11
102E3C,S06E11
0A3410,S06E11
FFFFFF,S06E11
221B15,S06E11
C79B00,S06E11
4E1500,S06E12
000000,S06E12
DB0000,S06E12
8A3324,S06E12
FFEC00,S06E12
FFB800,S06E12
0C0040,S06E12
0A3410,S06E12
FFFFFF,S06E12
221B15,S06E12
C79B00,S06E12
4E1500,S06E13
DB0000,S06E13
8A3324,S06E13
FFEC00,S06E13
FFB800,S06E13
0C0040,S06E13
102E3C,S06E13
0A3410,S06E13
FFFFFF,S06E13
221B15,S06E13
C79B00,S06E13
DB0000,S07E01
5F2E1F,S07E01
021E44,S07E01
FFFFFF,S07E01
221B15,S07E01
C79B00,S07E01
4E1500,S07E02
DB0000,S07E02
FFEC00,S07E02
5F2E1F,S07E02
FFB800,S07E02
000000,S07E02
0C0040,S07E02
102E3C,S07E02
0A3410,S07E02
FFFFFF,S07E02
221B15,S07E02
C79B00,S07E02
4E1500,S07E03
DB0000,S07E03
FFEC00,S07E03
FFB800,S07E03
000000,S07E03
0A3410,S07E03
FFFFFF,S07E03
4E1500,S07E04
DB0000,S07E04
FFEC00,S07E04
5F2E1F,S07E04
FFB800,S07E04
000000,S07E04
0C0040,S07E04
102E3C,S07E04
0A3410,S07E04
FFFFFF,S07E04
221B15,S07E04
C79B00,S07E04
4E1500,S07E05
DB0000,S07E05
FFEC00,S07E05
5F2E1F,S07E05
FFB800,S07E05
0C0040,S07E05
FFFFFF,S07E05
C79B00,S07E05
4E1500,S07E06
DB0000,S07E06
5F2E1F,S07E06
FFB800,S07E06
000000,S07E06
0C0040,S07E06
102E3C,S07E06
0A3410,S07E06
FFFFFF,S07E06
221B15,S07E06
C79B00,S07E06
4E1500,S07E07
DB0000,S07E07
FFEC00,S07E07
5F2E1F,S07E07
FFB800,S07E07
000000,S07E07
0C0040,S07E07
FFFFFF,S07E07
221B15,S07E07
C79B00,S07E07
4E1500,S07E08
DB0000,S07E08
FFEC00,S07E08
5F2E1F,S07E08
FFB800,S07E08
000000,S07E08
021E44,S07E08
0A3410,S07E08
FFFFFF,S07E08
221B15,S07E08
C79B00,S07E08
4E1500,S07E09
DB0000,S07E09
FFEC00,S07E09
FFB800,S07E09
0C0040,S07E09
102E3C,S07E09
021E44,S07E09
0A3410,S07E09
FFFFFF,S07E09
221B15,S07E09
C79B00,S07E09
DB0000,S07E10
FFEC00,S07E10
5F2E1F,S07E10
FFB800,S07E10
000000,S07E10
0C0040,S07E10
021E44,S07E10
0A3410,S07E10
FFFFFF,S07E10
221B15,S07E10
C79B00,S07E10
4E1500,S07E11
000000,S07E11
FFFFFF,S07E11
DB0000,S07E12
FFEC00,S07E12
5F2E1F,S07E12
000000,S07E12
0C0040,S07E12
0A3410,S07E12
FFFFFF,S07E12
221B15,S07E12
C79B00,S07E12
4E1500,S07E13
DB0000,S07E13
FFEC00,S07E13
5F2E1F,S07E13
FFB800,S07E13
000000,S07E13
0C0040,S07E13
0A3410,S07E13
FFFFFF,S07E13
221B15,S07E13
C79B00,S07E13
4E1500,S08E01
DB0000,S08E01
FFEC00,S08E01
FFB800,S08E01
000000,S08E01
0C0040,S08E01
0A3410,S08E01
FFFFFF,S08E01
221B15,S08E01
C79B00,S08E01
4E1500,S08E02
DB0000,S08E02
FFEC00,S08E02
5F2E1F,S08E02
FFB800,S08E02
000000,S08E02
0C0040,S08E02
102E3C,S08E02
0A3410,S08E02
FFFFFF,S08E02
221B15,S08E02
C79B00,S08E02
4E1500,S08E03
DB0000,S08E03
FFEC00,S08E03
5F2E1F,S08E03
FFB800,S08E03
000000,S08E03
0C0040,S08E03
FFFFFF,S08E03
221B15,S08E03
C79B00,S08E03
4E1500,S08E04
DB0000,S08E04
FFEC00,S08E04
5F2E1F,S08E04
FFB800,S08E04
000000,S08E04
0C0040,S08E04
0A3410,S08E04
FFFFFF,S08E04
221B15,S08E04
C79B00,S08E04
4E1500,S08E05
DB0000,S08E05
FFEC00,S08E05
5F2E1F,S08E05
FFB800,S08E05
000000,S08E05
021E44,S08E05
0A3410,S08E05
FFFFFF,S08E05
221B15,S08E05
C79B00,S08E05
4E1500,S08E06
DB0000,S08E06
FFEC00,S08E06
5F2E1F,S08E06
FFB800,S08E06
000000,S08E06
0C0040,S08E06
0A3410,S08E06
FFFFFF,S08E06
221B15,S08E06
C79B00,S08E06
4E1500,S08E07
DB0000,S08E07
FFEC00,S08E07
5F2E1F,S08E07
FFB800,S08E07
000000,S08E07
0C0040,S08E07
FFFFFF,S08E07
221B15,S08E07
C79B00,S08E07
4E1500,S08E08
DB0000,S08E08
FFEC00,S08E08
5F2E1F,S08E08
FFB800,S08E08
000000,S08E08
0C0040,S08E08
102E3C,S08E08
021E44,S08E08
0A3410,S08E08
FFFFFF,S08E08
221B15,S08E08
C79B00,S08E08
4E1500,S08E09
DB0000,S08E09
FFEC00,S08E09
5F2E1F,S08E09
FFB800,S08E09
000000,S08E09
0C0040,S08E09
0A3410,S08E09
FFFFFF,S08E09
221B15,S08E09
C79B00,S08E09
4E1500,S08E10
000000,S08E10
DB0000,S08E10
FFEC00,S08E10
5F2E1F,S08E10
FFB800,S08E10
FFFFFF,S08E10
221B15,S08E10
C79B00,S08E10
4E1500,S08E11
DB0000,S08E11
FFEC00,S08E11
FFB800,S08E11
0C0040,S08E11
021E44,S08E11
0A3410,S08E11
FFFFFF,S08E11
221B15,S08E11
C79B00,S08E11
4E1500,S08E12
DB0000,S08E12
FFEC00,S08E12
5F2E1F,S08E12
FFB800,S08E12
000000,S08E12
0C0040,S08E12
FFFFFF,S08E12
221B15,S08E12
C79B00,S08E12
4E1500,S08E13
000000,S08E13
DB0000,S08E13
5F2E1F,S08E13
0C0040,S08E13
102E3C,S08E13
FFFFFF,S08E13
221B15,S08E13
4E1500,S09E01
DB0000,S09E01
5F2E1F,S09E01
000000,S09E01
0C0040,S09E01
021E44,S09E01
FFFFFF,S09E01
221B15,S09E01
C79B00,S09E01
4E1500,S09E02
DB0000,S09E02
FFEC00,S09E02
5F2E1F,S09E02
FFFFFF,S09E02
000000,S09E02
0C0040,S09E02
021E44,S09E02
221B15,S09E02
C79B00,S09E02
4E1500,S09E03
000000,S09E03
DB0000,S09E03
FFEC00,S09E03
5F2E1F,S09E03
FFB800,S09E03
0C0040,S09E03
FFFFFF,S09E03
221B15,S09E03
C79B00,S09E03
4E1500,S09E04
DB0000,S09E04
FFEC00,S09E04
5F2E1F,S09E04
FFB800,S09E04
000000,S09E04
0C0040,S09E04
0A3410,S09E04
FFFFFF,S09E04
221B15,S09E04
C79B00,S09E04
4E1500,S09E05
DB0000,S09E05
5F2E1F,S09E05
000000,S09E05
0C0040,S09E05
FFFFFF,S09E05
221B15,S09E05
4E1500,S09E06
000000,S09E06
DB0000,S09E06
FFEC00,S09E06
5F2E1F,S09E06
0C0040,S09E06
021E44,S09E06
FFFFFF,S09E06
221B15,S09E06
C79B00,S09E06
4E1500,S09E07
DB0000,S09E07
FFEC00,S09E07
5F2E1F,S09E07
FFB800,S09E07
000000,S09E07
0C0040,S09E07
0A3410,S09E07
FFFFFF,S09E07
221B15,S09E07
C79B00,S09E07
4E1500,S09E08
DB0000,S09E08
FFEC00,S09E08
5F2E1F,S09E08
FFB800,S09E08
000000,S09E08
0C0040,S09E08
0A3410,S09E08
FFFFFF,S09E08
221B15,S09E08
C79B00,S09E08
4E1500,S09E09
DB0000,S09E09
FFEC00,S09E09
5F2E1F,S09E09
FFB800,S09E09
000000,S09E09
0C0040,S09E09
0A3410,S09E09
FFFFFF,S09E09
221B15,S09E09
C79B00,S09E09
4E1500,S09E10
DB0000,S09E10
FFEC00,S09E10
5F2E1F,S09E10
FFB800,S09E10
000000,S09E10
0C0040,S09E10
0A3410,S09E10
FFFFFF,S09E10
221B15,S09E10
C79B00,S09E10
4E1500,S09E11
DB0000,S09E11
FFEC00,S09E11
5F2E1F,S09E11
FFB800,S09E11
000000,S09E11
0C0040,S09E11
0A3410,S09E11
FFFFFF,S09E11
221B15,S09E11
C79B00,S09E11
4E1500,S09E12
DB0000,S09E12
FFEC00,S09E12
5F2E1F,S09E12
FFFFFF,S09E12
000000,S09E12
0C0040,S09E12
102E3C,S09E12
021E44,S09E12
0A3410,S09E12
221B15,S09E12
C79B00,S09E12
4E1500,S09E13
000000,S09E13
DB0000,S09E13
FFEC00,S09E13
5F2E1F,S09E13
FFB800,S09E13
0C0040,S09E13
0A3410,S09E13
FFFFFF,S09E13
221B15,S09E13
C79B00,S09E13
4E1500,S10E01
DB0000,S10E01
FFEC00,S10E01
5F2E1F,S10E01
FFB800,S10E01
000000,S10E01
0C0040,S10E01
102E3C,S10E01
021E44,S10E01
0A3410,S10E01
FFFFFF,S10E01
221B15,S10E01
C79B00,S10E01
4E1500,S10E02
DB0000,S10E02
FFEC00,S10E02
5F2E1F,S10E02
FFB800,S10E02
000000,S10E02
0C0040,S10E02
021E44,S10E02
0A3410,S10E02
FFFFFF,S10E02
221B15,S10E02
C79B00,S10E02
4E1500,S10E03
DB0000,S10E03
FFEC00,S10E03
5F2E1F,S10E03
FFB800,S10E03
000000,S10E03
0C0040,S10E03
021E44,S10E03
0A3410,S10E03
FFFFFF,S10E03
221B15,S10E03
C79B00,S10E03
4E1500,S10E04
DB0000,S10E04
FFEC00,S10E04
5F2E1F,S10E04
FFB800,S10E04
000000,S10E04
0C0040,S10E04
021E44,S10E04
0A3410,S10E04
FFFFFF,S10E04
221B15,S10E04
C79B00,S10E04
4E1500,S10E05
000000,S10E05
DB0000,S10E05
FFEC00,S10E05
5F2E1F,S10E05
0C0040,S10E05
102E3C,S10E05
021E44,S10E05
FFFFFF,S10E05
221B15,S10E05
C79B00,S10E05
4E1500,S10E06
DB0000,S10E06
FFEC00,S10E06
5F2E1F,S10E06
FFB800,S10E06
000000,S10E06
0C0040,S10E06
021E44,S10E06
0A3410,S10E06
FFFFFF,S10E06
221B15,S10E06
C79B00,S10E06
4E1500,S10E07
DB0000,S10E07
5F2E1F,S10E07
000000,S10E07
0C0040,S10E07
FFFFFF,S10E07
221B15,S10E07
4E1500,S10E08
000000,S10E08
DB0000,S10E08
FFEC00,S10E08
5F2E1F,S10E08
FFB800,S10E08
0C0040,S10E08
0A3410,S10E08
FFFFFF,S10E08
221B15,S10E08
C79B00,S10E08
DB0000,S10E09
FFEC00,S10E09
5F2E1F,S10E09
FFB800,S10E09
000000,S10E09
0C0040,S10E09
021E44,S10E09
0A3410,S10E09
FFFFFF,S10E09
221B15,S10E09
C79B00,S10E09
4E1500,S10E10
DB0000,S10E10
FFEC00,S10E10
5F2E1F,S10E10
FFB800,S10E10
FFFFFF,S10E10
000000,S10E10
0C0040,S10E10
021E44,S10E10
221B15,S10E10
C79B00,S10E10
4E1500,S10E11
DB0000,S10E11
FFEC00,S10E11
5F2E1F,S10E11
FFB800,S10E11
000000,S10E11
0C0040,S10E11
021E44,S10E11
0A3410,S10E11
FFFFFF,S10E11
221B15,S10E11
C79B00,S10E11
4E1500,S10E12
DB0000,S10E12
FFEC00,S10E12
5F2E1F,S10E12
000000,S10E12
0C0040,S10E12
021E44,S10E12
FFFFFF,S10E12
221B15,S10E12
4E1500,S10E13
DB0000,S10E13
FFEC00,S10E13
5F2E1F,S10E13
FFB800,S10E13
000000,S10E13
0C0040,S10E13
021E44,S10E13
0A3410,S10E13
FFFFFF,S10E13
221B15,S10E13
C79B00,S10E13
4E1500,S11E01
DB0000,S11E01
FFEC00,S11E01
5F2E1F,S11E01
FFB800,S11E01
000000,S11E01
0C0040,S11E01
021E44,S11E01
0A3410,S11E01
FFFFFF,S11E01
221B15,S11E01
C79B00,S11E01
4E1500,S11E02
DB0000,S11E02
5F2E1F,S11E02
000000,S11E02
021E44,S11E02
FFFFFF,S11E02
221B15,S11E02
4E1500,S11E03
FFEC00,S11E03
5F2E1F,S11E03
FFFFFF,S11E03
000000,S11E03
0C0040,S11E03
0A3410,S11E03
221B15,S11E03
C79B00,S11E03
4E1500,S11E04
DB0000,S11E04
FFEC00,S11E04
5F2E1F,S11E04
FFB800,S11E04
000000,S11E04
0C0040,S11E04
021E44,S11E04
0A3410,S11E04
FFFFFF,S11E04
221B15,S11E04
C79B00,S11E04
4E1500,S11E05
000000,S11E05
DB0000,S11E05
FFEC00,S11E05
5F2E1F,S11E05
FFB800,S11E05
021E44,S11E05
0A3410,S11E05
FFFFFF,S11E05
221B15,S11E05
C79B00,S11E05
DB0000,S11E06
5F2E1F,S11E06
000000,S11E06
021E44,S11E06
FFFFFF,S11E06
221B15,S11E06
4E1500,S11E07
DB0000,S11E07
FFEC00,S11E07
5F2E1F,S11E07
FFB800,S11E07
000000,S11E07
0C0040,S11E07
021E44,S11E07
0A3410,S11E07
FFFFFF,S11E07
221B15,S11E07
C79B00,S11E07
4E1500,S11E08
DB0000,S11E08
FFEC00,S11E08
5F2E1F,S11E08
FFB800,S11E08
000000,S11E08
0C0040,S11E08
0A3410,S11E08
FFFFFF,S11E08
221B15,S11E08
C79B00,S11E08
4E1500,S11E09
5F2E1F,S11E09
000000,S11E09
0C0040,S11E09
FFFFFF,S11E09
221B15,S11E09
4E1500,S11E10
000000,S11E10
DB0000,S11E10
FFEC00,S11E10
5F2E1F,S11E10
FFB800,S11E10
0C0040,S11E10
FFFFFF,S11E10
221B15,S11E10
FFEC00,S11E11
5F2E1F,S11E11
FFB800,S11E11
FFFFFF,S11E11
021E44,S11E11
221B15,S11E11
C79B00,S11E11
4E1500,S11E12
DB0000,S11E12
FFEC00,S11E12
5F2E1F,S11E12
FFB800,S11E12
000000,S11E12
021E44,S11E12
0A3410,S11E12
FFFFFF,S11E12
221B15,S11E12
C79B00,S11E12
4E1500,S11E13
DB0000,S11E13
FFEC00,S11E13
5F2E1F,S11E13
FFB800,S11E13
000000,S11E13
021E44,S11E13
0A3410,S11E13
FFFFFF,S11E13
221B15,S11E13
C79B00,S11E13
FFEC00,S12E01
5F2E1F,S12E01
FFB800,S12E01
000000,S12E01
FFFFFF,S12E01
221B15,S12E01
C79B00,S12E01
4E1500,S12E02
DB0000,S12E02
FFEC00,S12E02
5F2E1F,S12E02
FFB800,S12E02
000000,S12E02
0C0040,S12E02
021E44,S12E02
0A3410,S12E02
FFFFFF,S12E02
221B15,S12E02
C79B00,S12E02
4E1500,S12E03
DB0000,S12E03
FFEC00,S12E03
5F2E1F,S12E03
FFB800,S12E03
000000,S12E03
0C0040,S12E03
102E3C,S12E03
021E44,S12E03
0A3410,S12E03
FFFFFF,S12E03
221B15,S12E03
C79B00,S12E03
4E1500,S12E04
DB0000,S12E04
FFEC00,S12E04
5F2E1F,S12E04
FFB800,S12E04
000000,S12E04
102E3C,S12E04
021E44,S12E04
0A3410,S12E04
FFFFFF,S12E04
221B15,S12E04
C79B00,S12E04
000000,S12E05
DB0000,S12E05
FFEC00,S12E05
5F2E1F,S12E05
0C0040,S12E05
102E3C,S12E05
FFFFFF,S12E05
221B15,S12E05
4E1500,S12E06
DB0000,S12E06
FFEC00,S12E06
5F2E1F,S12E06
FFB800,S12E06
000000,S12E06
0C0040,S12E06
021E44,S12E06
0A3410,S12E06
FFFFFF,S12E06
221B15,S12E06
C79B00,S12E06
4E1500,S12E07
DB0000,S12E07
FFEC00,S12E07
5F2E1F,S12E07
FFB800,S12E07
000000,S12E07
0C0040,S12E07
021E44,S12E07
0A3410,S12E07
FFFFFF,S12E07
221B15,S12E07
C79B00,S12E07
000000,S12E08
DB0000,S12E08
FFEC00,S12E08
5F2E1F,S12E08
FFB800,S12E08
0C0040,S12E08
0A3410,S12E08
FFFFFF,S12E08
221B15,S12E08
C79B00,S12E08
4E1500,S12E09
DB0000,S12E09
FFEC00,S12E09
5F2E1F,S12E09
FFB800,S12E09
FFFFFF,S12E09
000000,S12E09
0C0040,S12E09
021E44,S12E09
221B15,S12E09
C79B00,S12E09
4E1500,S12E10
DB0000,S12E10
FFEC00,S12E10
5F2E1F,S12E10
FFB800,S12E10
FFFFFF,S12E10
000000,S12E10
0C0040,S12E10
021E44,S12E10
0A3410,S12E10
221B15,S12E10
C79B00,S12E10
4E1500,S12E11
DB0000,S12E11
FFEC00,S12E11
5F2E1F,S12E11
FFB800,S12E11
000000,S12E11
0C0040,S12E11
021E44,S12E11
0A3410,S12E11
FFFFFF,S12E11
221B15,S12E11
C79B00,S12E11
4E1500,S12E12
DB0000,S12E12
FFEC00,S12E12
5F2E1F,S12E12
FFB800,S12E12
000000,S12E12
0C0040,S12E12
0A3410,S12E12
FFFFFF,S12E12
221B15,S12E12
C79B00,S12E12
4E1500,S12E13
DB0000,S12E13
000000,S12E13
0C0040,S12E13
021E44,S12E13
FFFFFF,S12E13
221B15,S12E13
4E1500,S13E01
DB0000,S13E01
FFEC00,S13E01
5F2E1F,S13E01
FFB800,S13E01
000000,S13E01
0C0040,S13E01
021E44,S13E01
0A3410,S13E01
FFFFFF,S13E01
221B15,S13E01
C79B00,S13E01
5F2E1F,S13E02
000000,S13E02
021E44,S13E02
FFFFFF,S13E02
221B15,S13E02
4E1500,S13E03
DB0000,S13E03
FFEC00,S13E03
5F2E1F,S13E03
FFB800,S13E03
000000,S13E03
0C0040,S13E03
102E3C,S13E03
021E44,S13E03
0A3410,S13E03
FFFFFF,S13E03
221B15,S13E03
C79B00,S13E03
4E1500,S13E04
000000,S13E04
DB0000,S13E04
FFEC00,S13E04
5F2E1F,S13E04
FFB800,S13E04
0C0040,S13E04
0A3410,S13E04
FFFFFF,S13E04
221B15,S13E04
C79B00,S13E04
4E1500,S13E05
DB0000,S13E05
FFEC00,S13E05
5F2E1F,S13E05
FFB800,S13E05
000000,S13E05
0C0040,S13E05
0A3410,S13E05
FFFFFF,S13E05
221B15,S13E05
C79B00,S13E05
000000,S13E06
FFEC00,S13E06
5F2E1F,S13E06
FFB800,S13E06
0C0040,S13E06
0A3410,S13E06
FFFFFF,S13E06
221B15,S13E06
C79B00,S13E06
4E1500,S13E07
DB0000,S13E07
FFEC00,S13E07
5F2E1F,S13E07
FFB800,S13E07
000000,S13E07
0C0040,S13E07
102E3C,S13E07
021E44,S13E07
0A3410,S13E07
FFFFFF,S13E07
221B15,S13E07
C79B00,S13E07
4E1500,S13E08
FFEC00,S13E08
5F2E1F,S13E08
FFB800,S13E08
000000,S13E08
0C0040,S13E08
0A3410,S13E08
FFFFFF,S13E08
221B15,S13E08
C79B00,S13E08
000000,S13E09
FFEC00,S13E09
5F2E1F,S13E09
021E44,S13E09
0A3410,S13E09
FFFFFF,S13E09
221B15,S13E09
C79B00,S13E09
4E1500,S13E10
DB0000,S13E10
FFEC00,S13E10
5F2E1F,S13E10
FFB800,S13E10
000000,S13E10
0C0040,S13E10
021E44,S13E10
0A3410,S13E10
FFFFFF,S13E10
221B15,S13E10
C79B00,S13E10
4E1500,S13E11
DB0000,S13E11
FFEC00,S13E11
5F2E1F,S13E11
000000,S13E11
0C0040,S13E11
021E44,S13E11
FFFFFF,S13E11
221B15,S13E11
C79B00,S13E11
4E1500,S13E12
FFEC00,S13E12
5F2E1F,S13E12
000000,S13E12
0C0040,S13E12
102E3C,S13E12
FFFFFF,S13E12
221B15,S13E12
4E1500,S13E13
DB0000,S13E13
FFEC00,S13E13
5F2E1F,S13E13
FFB800,S13E13
000000,S13E13
0C0040,S13E13
021E44,S13E13
0A3410,S13E13
FFFFFF,S13E13
221B15,S13E13
C79B00,S13E13
4E1500,S14E01
DB0000,S14E01
FFEC00,S14E01
5F2E1F,S14E01
FFB800,S14E01
000000,S14E01
0C0040,S14E01
102E3C,S14E01
021E44,S14E01
0A3410,S14E01
FFFFFF,S14E01
221B15,S14E01
C79B00,S14E01
4E1500,S14E02
DB0000,S14E02
FFEC00,S14E02
5F2E1F,S14E02
FFB800,S14E02
000000,S14E02
0C0040,S14E02
021E44,S14E02
0A3410,S14E02
FFFFFF,S14E02
221B15,S14E02
C79B00,S14E02
4E1500,S14E03
000000,S14E03
FFEC00,S14E03
5F2E1F,S14E03
FFB800,S14E03
0C0040,S14E03
021E44,S14E03
0A3410,S14E03
FFFFFF,S14E03
221B15,S14E03
C79B00,S14E03
4E1500,S14E04
5F2E1F,S14E04
000000,S14E04
0C0040,S14E04
FFFFFF,S14E04
221B15,S14E04
C79B00,S14E04
4E1500,S14E05
DB0000,S14E05
FFEC00,S14E05
5F2E1F,S14E05
FFB800,S14E05
000000,S14E05
0C0040,S14E05
102E3C,S14E05
021E44,S14E05
0A3410,S14E05
FFFFFF,S14E05
221B15,S14E05
C79B00,S14E05
4E1500,S14E06
DB0000,S14E06
FFEC00,S14E06
5F2E1F,S14E06
FFB800,S14E06
000000,S14E06
0C0040,S14E06
021E44,S14E06
0A3410,S14E06
FFFFFF,S14E06
221B15,S14E06
C79B00,S14E06
4E1500,S14E07
DB0000,S14E07
FFEC00,S14E07
5F2E1F,S14E07
FFB800,S14E07
000000,S14E07
0C0040,S14E07
102E3C,S14E07
021E44,S14E07
0A3410,S14E07
FFFFFF,S14E07
221B15,S14E07
C79B00,S14E07
4E1500,S14E08
DB0000,S14E08
FFEC00,S14E08
5F2E1F,S14E08
FFB800,S14E08
000000,S14E08
0C0040,S14E08
021E44,S14E08
FFFFFF,S14E08
221B15,S14E08
C79B00,S14E08
4E1500,S14E09
DB0000,S14E09
FFEC00,S14E09
5F2E1F,S14E09
FFB800,S14E09
000000,S14E09
0C0040,S14E09
102E3C,S14E09
021E44,S14E09
0A3410,S14E09
FFFFFF,S14E09
221B15,S14E09
C79B00,S14E09
4E1500,S14E10
DB0000,S14E10
FFEC00,S14E10
5F2E1F,S14E10
FFB800,S14E10
000000,S14E10
0C0040,S14E10
102E3C,S14E10
021E44,S14E10
0A3410,S14E10
FFFFFF,S14E10
221B15,S14E10
C79B00,S14E10
4E1500,S14E11
000000,S14E11
DB0000,S14E11
FFEC00,S14E11
5F2E1F,S14E11
FFB800,S14E11
0C0040,S14E11
021E44,S14E11
0A3410,S14E11
FFFFFF,S14E11
221B15,S14E11
C79B00,S14E11
4E1500,S14E12
000000,S14E12
DB0000,S14E12
FFEC00,S14E12
5F2E1F,S14E12
FFB800,S14E12
0C0040,S14E12
0A3410,S14E12
FFFFFF,S14E12
221B15,S14E12
C79B00,S14E12
4E1500,S14E13
FFEC00,S14E13
5F2E1F,S14E13
FFB800,S14E13
000000,S14E13
0C0040,S14E13
021E44,S14E13
0A3410,S14E13
FFFFFF,S14E13
221B15,S14E13
C79B00,S14E13
4E1500,S15E01
DB0000,S15E01
FFEC00,S15E01
5F2E1F,S15E01
000000,S15E01
0C0040,S15E01
021E44,S15E01
FFFFFF,S15E01
221B15,S15E01
C79B00,S15E01
4E1500,S15E02
DB0000,S15E02
FFEC00,S15E02
5F2E1F,S15E02
FFB800,S15E02
000000,S15E02
0C0040,S15E02
021E44,S15E02
0A3410,S15E02
FFFFFF,S15E02
221B15,S15E02
C79B00,S15E02
4E1500,S15E03
DB0000,S15E03
FFEC00,S15E03
5F2E1F,S15E03
FFB800,S15E03
000000,S15E03
021E44,S15E03
0A3410,S15E03
FFFFFF,S15E03
221B15,S15E03
C79B00,S15E03
4E1500,S15E04
DB0000,S15E04
FFEC00,S15E04
5F2E1F,S15E04
FFB800,S15E04
000000,S15E04
0C0040,S15E04
102E3C,S15E04
021E44,S15E04
0A3410,S15E04
FFFFFF,S15E04
221B15,S15E04
C79B00,S15E04
4E1500,S15E05
000000,S15E05
5F2E1F,S15E05
0C0040,S15E05
021E44,S15E05
FFFFFF,S15E05
221B15,S15E05
4E1500,S15E06
DB0000,S15E06
FFEC00,S15E06
5F2E1F,S15E06
FFFFFF,S15E06
000000,S15E06
0C0040,S15E06
102E3C,S15E06
021E44,S15E06
221B15,S15E06
C79B00,S15E06
4E1500,S15E07
DB0000,S15E07
FFEC00,S15E07
5F2E1F,S15E07
FFB800,S15E07
000000,S15E07
0C0040,S15E07
021E44,S15E07
0A3410,S15E07
FFFFFF,S15E07
221B15,S15E07
C79B00,S15E07
4E1500,S15E08
DB0000,S15E08
FFEC00,S15E08
5F2E1F,S15E08
FFB800,S15E08
000000,S15E08
0C0040,S15E08
021E44,S15E08
0A3410,S15E08
FFFFFF,S15E08
221B15,S15E08
C79B00,S15E08
4E1500,S15E09
000000,S15E09
FFEC00,S15E09
5F2E1F,S15E09
0C0040,S15E09
021E44,S15E09
FFFFFF,S15E09
221B15,S15E09
4E1500,S15E10
000000,S15E10
DB0000,S15E10
FFEC00,S15E10
5F2E1F,S15E10
FFB800,S15E10
0C0040,S15E10
0A3410,S15E10
FFFFFF,S15E10
221B15,S15E10
C79B00,S15E10
4E1500,S15E11
DB0000,S15E11
FFEC00,S15E11
5F2E1F,S15E11
FFB800,S15E11
000000,S15E11
0C0040,S15E11
021E44,S15E11
0A3410,S15E11
FFFFFF,S15E11
221B15,S15E11
C79B00,S15E11
4E1500,S15E12
000000,S15E12
DB0000,S15E12
FFEC00,S15E12
5F2E1F,S15E12
FFB800,S15E12
0C0040,S15E12
021E44,S15E12
0A3410,S15E12
FFFFFF,S15E12
221B15,S15E12
C79B00,S15E12
4E1500,S15E13
FFEC00,S15E13
5F2E1F,S15E13
FFB800,S15E13
000000,S15E13
0C0040,S15E13
021E44,S15E13
0A3410,S15E13
FFFFFF,S15E13
221B15,S15E13
C79B00,S15E13
4E1500,S16E01
DB0000,S16E01
FFEC00,S16E01
5F2E1F,S16E01
FFB800,S16E01
000000,S16E01
0C0040,S16E01
102E3C,S16E01
021E44,S16E01
0A3410,S16E01
FFFFFF,S16E01
221B15,S16E01
C79B00,S16E01
4E1500,S16E02
000000,S16E02
DB0000,S16E02
FFEC00,S16E02
5F2E1F,S16E02
FFB800,S16E02
0C0040,S16E02
0A3410,S16E02
FFFFFF,S16E02
221B15,S16E02
C79B00,S16E02
4E1500,S16E03
DB0000,S16E03
FFEC00,S16E03
5F2E1F,S16E03
FFB800,S16E03
000000,S16E03
0C0040,S16E03
021E44,S16E03
FFFFFF,S16E03
221B15,S16E03
C79B00,S16E03
4E1500,S16E04
DB0000,S16E04
FFEC00,S16E04
5F2E1F,S16E04
FFB800,S16E04
000000,S16E04
0C0040,S16E04
021E44,S16E04
0A3410,S16E04
FFFFFF,S16E04
221B15,S16E04
C79B00,S16E04
4E1500,S16E05
DB0000,S16E05
FFEC00,S16E05
5F2E1F,S16E05
FFB800,S16E05
000000,S16E05
0C0040,S16E05
102E3C,S16E05
021E44,S16E05
0A3410,S16E05
FFFFFF,S16E05
221B15,S16E05
C79B00,S16E05
221B15,S16E06
4E1500,S16E07
DB0000,S16E07
FFEC00,S16E07
5F2E1F,S16E07
000000,S16E07
0C0040,S16E07
0A3410,S16E07
FFFFFF,S16E07
221B15,S16E07
C79B00,S16E07
4E1500,S16E08
000000,S16E08
DB0000,S16E08
FFEC00,S16E08
5F2E1F,S16E08
FFB800,S16E08
0C0040,S16E08
0A3410,S16E08
FFFFFF,S16E08
221B15,S16E08
C79B00,S16E08
4E1500,S16E09
5F2E1F,S16E09
000000,S16E09
0C0040,S16E09
FFFFFF,S16E09
221B15,S16E09
C79B00,S16E09
4E1500,S16E10
DB0000,S16E10
FFEC00,S16E10
FFB800,S16E10
000000,S16E10
0C0040,S16E10
0A3410,S16E10
FFFFFF,S16E10
221B15,S16E10
4E1500,S16E11
000000,S16E11
FFEC00,S16E11
5F2E1F,S16E11
FFB800,S16E11
0C0040,S16E11
0A3410,S16E11
FFFFFF,S16E11
221B15,S16E11
C79B00,S16E11
4E1500,S16E12
DB0000,S16E12
FFEC00,S16E12
5F2E1F,S16E12
FFB800,S16E12
000000,S16E12
021E44,S16E12
0A3410,S16E12
FFFFFF,S16E12
221B15,S16E12
C79B00,S16E12
4E1500,S16E13
000000,S16E13
DB0000,S16E13
FFEC00,S16E13
5F2E1F,S16E13
FFB800,S16E13
0C0040,S16E13
0A3410,S16E13
FFFFFF,S16E13
221B15,S16E13
C79B00,S16E13
4E1500,S17E01
DB0000,S17E01
FFEC00,S17E01
5F2E1F,S17E01
000000,S17E01
0C0040,S17E01
FFFFFF,S17E01
221B15,S17E01
C79B00,S17E01
4E1500,S17E02
DB0000,S17E02
FFEC00,S17E02
5F2E1F,S17E02
FFB800,S17E02
000000,S17E02
0C0040,S17E02
0A3410,S17E02
FFFFFF,S17E02
221B15,S17E02
C79B00,S17E02
4E1500,S17E03
000000,S17E03
DB0000,S17E03
FFEC00,S17E03
5F2E1F,S17E03
FFB800,S17E03
0C0040,S17E03
021E44,S17E03
0A3410,S17E03
FFFFFF,S17E03
221B15,S17E03
C79B00,S17E03
4E1500,S17E04
DB0000,S17E04
FFEC00,S17E04
5F2E1F,S17E04
000000,S17E04
0C0040,S17E04
FFFFFF,S17E04
221B15,S17E04
C79B00,S17E04
4E1500,S17E05
DB0000,S17E05
FFEC00,S17E05
5F2E1F,S17E05
FFB800,S17E05
FFFFFF,S17E05
000000,S17E05
0C0040,S17E05
021E44,S17E05
0A3410,S17E05
221B15,S17E05
C79B00,S17E05
4E1500,S17E06
DB0000,S17E06
FFEC00,S17E06
5F2E1F,S17E06
FFB800,S17E06
000000,S17E06
0C0040,S17E06
FFFFFF,S17E06
221B15,S17E06
C79B00,S17E06
4E1500,S17E07
000000,S17E07
DB0000,S17E07
FFEC00,S17E07
5F2E1F,S17E07
FFB800,S17E07
FFFFFF,S17E07
0C0040,S17E07
102E3C,S17E07
021E44,S17E07
0A3410,S17E07
221B15,S17E07
C79B00,S17E07
4E1500,S17E08
DB0000,S17E08
FFEC00,S17E08
5F2E1F,S17E08
FFB800,S17E08
000000,S17E08
0C0040,S17E08
102E3C,S17E08
021E44,S17E08
0A3410,S17E08
FFFFFF,S17E08
221B15,S17E08
C79B00,S17E08
4E1500,S17E09
DB0000,S17E09
FFEC00,S17E09
5F2E1F,S17E09
FFB800,S17E09
000000,S17E09
0C0040,S17E09
021E44,S17E09
0A3410,S17E09
FFFFFF,S17E09
221B15,S17E09
C79B00,S17E09
4E1500,S17E10
DB0000,S17E10
FFEC00,S17E10
5F2E1F,S17E10
FFB800,S17E10
000000,S17E10
0C0040,S17E10
0A3410,S17E10
FFFFFF,S17E10
221B15,S17E10
C79B00,S17E10
4E1500,S17E11
000000,S17E11
DB0000,S17E11
FFEC00,S17E11
5F2E1F,S17E11
0C0040,S17E11
021E44,S17E11
0A3410,S17E11
FFFFFF,S17E11
221B15,S17E11
C79B00,S17E11
4E1500,S17E12
000000,S17E12
DB0000,S17E12
FFEC00,S17E12
5F2E1F,S17E12
FFB800,S17E12
0C0040,S17E12
021E44,S17E12
0A3410,S17E12
FFFFFF,S17E12
221B15,S17E12
C79B00,S17E12
4E1500,S17E13
DB0000,S17E13
FFEC00,S17E13
5F2E1F,S17E13
FFB800,S17E13
000000,S17E13
0C0040,S17E13
0A3410,S17E13
FFFFFF,S17E13
221B15,S17E13
C79B00,S17E13
4E1500,S18E01
DB0000,S18E01
FFEC00,S18E01
5F2E1F,S18E01
FFB800,S18E01
000000,S18E01
0C0040,S18E01
021E44,S18E01
0A3410,S18E01
FFFFFF,S18E01
221B15,S18E01
C79B00,S18E01
4E1500,S18E02
DB0000,S18E02
FFEC00,S18E02
5F2E1F,S18E02
FFB800,S18E02
000000,S18E02
0C0040,S18E02
0A3410,S18E02
FFFFFF,S18E02
221B15,S18E02
C79B00,S18E02
4E1500,S18E03
000000,S18E03
FFEC00,S18E03
5F2E1F,S18E03
FFFFFF,S18E03
0C0040,S18E03
021E44,S18E03
221B15,S18E03
4E1500,S18E04
000000,S18E04
DB0000,S18E04
FFEC00,S18E04
5F2E1F,S18E04
FFB800,S18E04
0C0040,S18E04
0A3410,S18E04
FFFFFF,S18E04
221B15,S18E04
C79B00,S18E04
4E1500,S18E05
DB0000,S18E05
FFEC00,S18E05
5F2E1F,S18E05
FFB800,S18E05
000000,S18E05
0C0040,S18E05
0A3410,S18E05
FFFFFF,S18E05
221B15,S18E05
C79B00,S18E05
4E1500,S18E06
DB0000,S18E06
FFEC00,S18E06
5F2E1F,S18E06
FFB800,S18E06
000000,S18E06
0C0040,S18E06
102E3C,S18E06
021E44,S18E06
0A3410,S18E06
FFFFFF,S18E06
221B15,S18E06
C79B00,S18E06
4E1500,S18E07
000000,S18E07
DB0000,S18E07
FFEC00,S18E07
5F2E1F,S18E07
FFB800,S18E07
0C0040,S18E07
0A3410,S18E07
FFFFFF,S18E07
221B15,S18E07
C79B00,S18E07
4E1500,S18E08
DB0000,S18E08
5F2E1F,S18E08
000000,S18E08
0C0040,S18E08
021E44,S18E08
FFFFFF,S18E08
221B15,S18E08
4E1500,S18E09
000000,S18E09
FFEC00,S18E09
5F2E1F,S18E09
FFB800,S18E09
0C0040,S18E09
0A3410,S18E09
FFFFFF,S18E09
221B15,S18E09
C79B00,S18E09
4E1500,S18E10
DB0000,S18E10
FFEC00,S18E10
5F2E1F,S18E10
FFB800,S18E10
000000,S18E10
0C0040,S18E10
021E44,S18E10
0A3410,S18E10
FFFFFF,S18E10
221B15,S18E10
C79B00,S18E10
4E1500,S18E11
000000,S18E11
DB0000,S18E11
FFEC00,S18E11
5F2E1F,S18E11
FFB800,S18E11
0C0040,S18E11
0A3410,S18E11
FFFFFF,S18E11
221B15,S18E11
C79B00,S18E11
4E1500,S18E12
DB0000,S18E12
FFEC00,S18E12
5F2E1F,S18E12
000000,S18E12
0C0040,S18E12
0A3410,S18E12
FFFFFF,S18E12
221B15,S18E12
C79B00,S18E12
4E1500,S18E13
DB0000,S18E13
FFEC00,S18E13
5F2E1F,S18E13
FFB800,S18E13
000000,S18E13
0C0040,S18E13
0A3410,S18E13
FFFFFF,S18E13
221B15,S18E13
C79B00,S18E13
4E1500,S19E01
DB0000,S19E01
FFEC00,S19E01
5F2E1F,S19E01
FFB800,S19E01
000000,S19E01
0C0040,S19E01
FFFFFF,S19E01
221B15,S19E01
C79B00,S19E01
4E1500,S19E02
000000,S19E02
DB0000,S19E02
FFEC00,S19E02
5F2E1F,S19E02
FFB800,S19E02
FFFFFF,S19E02
0C0040,S19E02
021E44,S19E02
0A3410,S19E02
221B15,S19E02
C79B00,S19E02
4E1500,S19E03
DB0000,S19E03
FFEC00,S19E03
5F2E1F,S19E03
FFB800,S19E03
000000,S19E03
0C0040,S19E03
021E44,S19E03
0A3410,S19E03
FFFFFF,S19E03
221B15,S19E03
C79B00,S19E03
4E1500,S19E04
5F2E1F,S19E04
000000,S19E04
021E44,S19E04
FFFFFF,S19E04
221B15,S19E04
C79B00,S19E04
4E1500,S19E05
FFEC00,S19E05
5F2E1F,S19E05
FFB800,S19E05
000000,S19E05
0C0040,S19E05
021E44,S19E05
0A3410,S19E05
FFFFFF,S19E05
221B15,S19E05
C79B00,S19E05
4E1500,S19E06
000000,S19E06
DB0000,S19E06
FFEC00,S19E06
5F2E1F,S19E06
FFB800,S19E06
FFFFFF,S19E06
0C0040,S19E06
021E44,S19E06
0A3410,S19E06
221B15,S19E06
C79B00,S19E06
4E1500,S19E07
DB0000,S19E07
FFEC00,S19E07
5F2E1F,S19E07
000000,S19E07
0C0040,S19E07
021E44,S19E07
FFFFFF,S19E07
221B15,S19E07
C79B00,S19E07
4E1500,S19E08
DB0000,S19E08
FFEC00,S19E08
5F2E1F,S19E08
FFB800,S19E08
000000,S19E08
0C0040,S19E08
102E3C,S19E08
021E44,S19E08
0A3410,S19E08
FFFFFF,S19E08
221B15,S19E08
C79B00,S19E08
4E1500,S19E09
DB0000,S19E09
FFEC00,S19E09
5F2E1F,S19E09
FFFFFF,S19E09
000000,S19E09
0C0040,S19E09
221B15,S19E09
C79B00,S19E09
4E1500,S19E10
000000,S19E10
DB0000,S19E10
FFEC00,S19E10
5F2E1F,S19E10
FFB800,S19E10
0C0040,S19E10
0A3410,S19E10
FFFFFF,S19E10
221B15,S19E10
C79B00,S19E10
4E1500,S19E11
DB0000,S19E11
FFEC00,S19E11
5F2E1F,S19E11
000000,S19E11
0C0040,S19E11
FFFFFF,S19E11
221B15,S19E11
C79B00,S19E11
4E1500,S19E12
000000,S19E12
FFEC00,S19E12
5F2E1F,S19E12
FFFFFF,S19E12
0C0040,S19E12
021E44,S19E12
221B15,S19E12
4E1500,S19E13
DB0000,S19E13
FFEC00,S19E13
5F2E1F,S19E13
FFB800,S19E13
000000,S19E13
0C0040,S19E13
102E3C,S19E13
021E44,S19E13
0A3410,S19E13
FFFFFF,S19E13
221B15,S19E13
C79B00,S19E13
4E1500,S20E01
DB0000,S20E01
FFEC00,S20E01
5F2E1F,S20E01
FFB800,S20E01
000000,S20E01
0C0040,S20E01
021E44,S20E01
0A3410,S20E01
FFFFFF,S20E01
221B15,S20E01
C79B00,S20E01
4E1500,S20E02
DB0000,S20E02
FFEC00,S20E02
5F2E1F,S20E02
FFB800,S20E02
FFFFFF,S20E02
000000,S20E02
0C0040,S20E02
0A3410,S20E02
221B15,S20E02
C79B00,S20E02
4E1500,S20E03
DB0000,S20E03
5F2E1F,S20E03
FFB800,S20E03
000000,S20E03
0C0040,S20E03
FFFFFF,S20E03
221B15,S20E03
C79B00,S20E03
4E1500,S20E04
DB0000,S20E04
FFEC00,S20E04
5F2E1F,S20E04
FFB800,S20E04
000000,S20E04
0C0040,S20E04
0A3410,S20E04
FFFFFF,S20E04
221B15,S20E04
C79B00,S20E04
4E1500,S20E05
FFEC00,S20E05
5F2E1F,S20E05
FFB800,S20E05
000000,S20E05
0C0040,S20E05
102E3C,S20E05
021E44,S20E05
0A3410,S20E05
FFFFFF,S20E05
221B15,S20E05
C79B00,S20E05
4E1500,S20E06
000000,S20E06
DB0000,S20E06
FFEC00,S20E06
5F2E1F,S20E06
FFB800,S20E06
0C0040,S20E06
0A3410,S20E06
FFFFFF,S20E06
221B15,S20E06
C79B00,S20E06
4E1500,S20E07
DB0000,S20E07
FFEC00,S20E07
5F2E1F,S20E07
FFB800,S20E07
000000,S20E07
0C0040,S20E07
0A3410,S20E07
FFFFFF,S20E07
221B15,S20E07
C79B00,S20E07
4E1500,S20E08
000000,S20E08
DB0000,S20E08
FFEC00,S20E08
5F2E1F,S20E08
FFB800,S20E08
FFFFFF,S20E08
0C0040,S20E08
0A3410,S20E08
221B15,S20E08
C79B00,S20E08
4E1500,S20E09
5F2E1F,S20E09
000000,S20E09
0C0040,S20E09
021E44,S20E09
FFFFFF,S20E09
4E1500,S20E10
DB0000,S20E10
FFEC00,S20E10
5F2E1F,S20E10
FFB800,S20E10
000000,S20E10
0C0040,S20E10
021E44,S20E10
0A3410,S20E10
FFFFFF,S20E10
221B15,S20E10
C79B00,S20E10
4E1500,S20E11
DB0000,S20E11
FFEC00,S20E11
5F2E1F,S20E11
FFB800,S20E11
000000,S20E11
0C0040,S20E11
021E44,S20E11
0A3410,S20E11
FFFFFF,S20E11
221B15,S20E11
C79B00,S20E11
4E1500,S20E12
DB0000,S20E12
FFEC00,S20E12
5F2E1F,S20E12
FFB800,S20E12
000000,S20E12
0C0040,S20E12
0A3410,S20E12
FFFFFF,S20E12
221B15,S20E12
C79B00,S20E12
4E1500,S20E13
DB0000,S20E13
FFEC00,S20E13
5F2E1F,S20E13
FFB800,S20E13
000000,S20E13
0C0040,S20E13
102E3C,S20E13
021E44,S20E13
0A3410,S20E13
FFFFFF,S20E13
221B15,S20E13
C79B00,S20E13
4E1500,S21E01
000000,S21E01
DB0000,S21E01
FFEC00,S21E01
5F2E1F,S21E01
FFB800,S21E01
0C0040,S21E01
021E44,S21E01
0A3410,S21E01
FFFFFF,S21E01
221B15,S21E01
C79B00,S21E01
4E1500,S21E02
FFEC00,S21E02
5F2E1F,S21E02
FFB800,S21E02
FFFFFF,S21E02
000000,S21E02
0C0040,S21E02
221B15,S21E02
C79B00,S21E02
4E1500,S21E03
000000,S21E03
DB0000,S21E03
FFEC00,S21E03
5F2E1F,S21E03
FFB800,S21E03
FFFFFF,S21E03
0C0040,S21E03
021E44,S21E03
0A3410,S21E03
221B15,S21E03
C79B00,S21E03
4E1500,S21E04
000000,S21E04
DB0000,S21E04
FFEC00,S21E04
5F2E1F,S21E04
FFB800,S21E04
0C0040,S21E04
0A3410,S21E04
FFFFFF,S21E04
221B15,S21E04
C79B00,S21E04
4E1500,S21E05
000000,S21E05
DB0000,S21E05
FFEC00,S21E05
5F2E1F,S21E05
FFB800,S21E05
FFFFFF,S21E05
0C0040,S21E05
0A3410,S21E05
221B15,S21E05
C79B00,S21E05
4E1500,S21E06
5F2E1F,S21E06
FFB800,S21E06
000000,S21E06
0C0040,S21E06
FFFFFF,S21E06
221B15,S21E06
C79B00,S21E06
4E1500,S21E07
DB0000,S21E07
FFEC00,S21E07
5F2E1F,S21E07
FFB800,S21E07
FFFFFF,S21E07
000000,S21E07
0C0040,S21E07
102E3C,S21E07
021E44,S21E07
0A3410,S21E07
221B15,S21E07
C79B00,S21E07
4E1500,S21E08
000000,S21E08
DB0000,S21E08
FFEC00,S21E08
5F2E1F,S21E08
FFB800,S21E08
0C0040,S21E08
102E3C,S21E08
0A3410,S21E08
FFFFFF,S21E08
221B15,S21E08
C79B00,S21E08
4E1500,S21E09
000000,S21E09
DB0000,S21E09
FFEC00,S21E09
5F2E1F,S21E09
FFB800,S21E09
0C0040,S21E09
021E44,S21E09
0A3410,S21E09
FFFFFF,S21E09
221B15,S21E09
C79B00,S21E09
000000,S21E10
021E44,S21E10
FFFFFF,S21E10
4E1500,S21E11
DB0000,S21E11
FFEC00,S21E11
FFB800,S21E11
000000,S21E11
0C0040,S21E11
0A3410,S21E11
FFFFFF,S21E11
C79B00,S21E11
4E1500,S21E12
DB0000,S21E12
FFEC00,S21E12
5F2E1F,S21E12
FFB800,S21E12
000000,S21E12
0C0040,S21E12
102E3C,S21E12
021E44,S21E12
0A3410,S21E12
FFFFFF,S21E12
221B15,S21E12
C79B00,S21E12
4E1500,S21E13
FFEC00,S21E13
5F2E1F,S21E13
FFFFFF,S21E13
000000,S21E13
0C0040,S21E13
021E44,S21E13
0A3410,S21E13
221B15,S21E13
C79B00,S21E13
4E1500,S22E01
DB0000,S22E01
FFEC00,S22E01
5F2E1F,S22E01
CD5C5C,S22E01
000000,S22E01
021E44,S22E01
0A3410,S22E01
FFFFFF,S22E01
221B15,S22E01
C79B00,S22E01
4E1500,S22E02
DB0000,S22E02
FFEC00,S22E02
5F2E1F,S22E02
FFB800,S22E02
000000,S22E02
0C0040,S22E02
102E3C,S22E02
021E44,S22E02
0A3410,S22E02
FFFFFF,S22E02
221B15,S22E02
C79B00,S22E02
4E1500,S22E03
000000,S22E03
DB0000,S22E03
FFEC00,S22E03
5F2E1F,S22E03
FFB800,S22E03
0C0040,S22E03
102E3C,S22E03
021E44,S22E03
0A3410,S22E03
FFFFFF,S22E03
221B15,S22E03
C79B00,S22E03
4E1500,S22E04
DB0000,S22E04
FFEC00,S22E04
5F2E1F,S22E04
FFB800,S22E04
000000,S22E04
0C0040,S22E04
021E44,S22E04
0A3410,S22E04
FFFFFF,S22E04
221B15,S22E04
C79B00,S22E04
4E1500,S22E05
FFEC00,S22E05
5F2E1F,S22E05
FFB800,S22E05
000000,S22E05
0C0040,S22E05
FFFFFF,S22E05
221B15,S22E05
C79B00,S22E05
4E1500,S22E06
DB0000,S22E06
FFEC00,S22E06
5F2E1F,S22E06
FFB800,S22E06
000000,S22E06
0C0040,S22E06
0A3410,S22E06
FFFFFF,S22E06
221B15,S22E06
C79B00,S22E06
4E1500,S22E07
DB0000,S22E07
FFEC00,S22E07
5F2E1F,S22E07
FFB800,S22E07
000000,S22E07
0C0040,S22E07
021E44,S22E07
0A3410,S22E07
FFFFFF,S22E07
221B15,S22E07
C79B00,S22E07
4E1500,S22E08
DB0000,S22E08
FFEC00,S22E08
5F2E1F,S22E08
FFB800,S22E08
000000,S22E08
0C0040,S22E08
021E44,S22E08
0A3410,S22E08
FFFFFF,S22E08
221B15,S22E08
C79B00,S22E08
4E1500,S22E09
DB0000,S22E09
FFEC00,S22E09
5F2E1F,S22E09
FFB800,S22E09
000000,S22E09
0C0040,S22E09
102E3C,S22E09
021E44,S22E09
0A3410,S22E09
FFFFFF,S22E09
221B15,S22E09
C79B00,S22E09
4E1500,S22E10
5F2E1F,S22E10
000000,S22E10
0C0040,S22E10
021E44,S22E10
FFFFFF,S22E10
221B15,S22E10
4E1500,S22E11
DB0000,S22E11
FFEC00,S22E11
5F2E1F,S22E11
FFB800,S22E11
000000,S22E11
0C0040,S22E11
0A3410,S22E11
FFFFFF,S22E11
221B15,S22E11
C79B00,S22E11
4E1500,S22E12
000000,S22E12
DB0000,S22E12
FFEC00,S22E12
5F2E1F,S22E12
FFB800,S22E12
0C0040,S22E12
021E44,S22E12
0A3410,S22E12
FFFFFF,S22E12
221B15,S22E12
C79B00,S22E12
4E1500,S22E13
000000,S22E13
DB0000,S22E13
FFEC00,S22E13
5F2E1F,S22E13
FFB800,S22E13
FFFFFF,S22E13
0C0040,S22E13
0A3410,S22E13
221B15,S22E13
C79B00,S22E13
4E1500,S23E01
FFEC00,S23E01
000000,S23E01
0C0040,S23E01
021E44,S23E01
0A3410,S23E01
FFFFFF,S23E01
221B15,S23E01
4E1500,S23E02
000000,S23E02
DB0000,S23E02
FFEC00,S23E02
5F2E1F,S23E02
FFB800,S23E02
021E44,S23E02
0A3410,S23E02
FFFFFF,S23E02
221B15,S23E02
C79B00,S23E02
4E1500,S23E03
DB0000,S23E03
FFEC00,S23E03
5F2E1F,S23E03
FFB800,S23E03
000000,S23E03
0C0040,S23E03
021E44,S23E03
0A3410,S23E03
FFFFFF,S23E03
221B15,S23E03
C79B00,S23E03
4E1500,S23E04
DB0000,S23E04
FFEC00,S23E04
5F2E1F,S23E04
FFB800,S23E04
000000,S23E04
021E44,S23E04
FFFFFF,S23E04
221B15,S23E04
C79B00,S23E04
4E1500,S23E05
DB0000,S23E05
FFEC00,S23E05
5F2E1F,S23E05
FFB800,S23E05
000000,S23E05
021E44,S23E05
0A3410,S23E05
FFFFFF,S23E05
221B15,S23E05
C79B00,S23E05
4E1500,S23E06
000000,S23E06
DB0000,S23E06
FFEC00,S23E06
5F2E1F,S23E06
FFB800,S23E06
0C0040,S23E06
021E44,S23E06
0A3410,S23E06
FFFFFF,S23E06
221B15,S23E06
C79B00,S23E06
4E1500,S23E07
DB0000,S23E07
FFEC00,S23E07
5F2E1F,S23E07
000000,S23E07
021E44,S23E07
FFFFFF,S23E07
221B15,S23E07
C79B00,S23E07
4E1500,S23E08
000000,S23E08
DB0000,S23E08
FFEC00,S23E08
5F2E1F,S23E08
FFB800,S23E08
FFFFFF,S23E08
0C0040,S23E08
102E3C,S23E08
021E44,S23E08
0A3410,S23E08
221B15,S23E08
C79B00,S23E08
4E1500,S23E09
DB0000,S23E09
FFEC00,S23E09
5F2E1F,S23E09
FFB800,S23E09
000000,S23E09
0C0040,S23E09
102E3C,S23E09
021E44,S23E09
0A3410,S23E09
FFFFFF,S23E09
221B15,S23E09
C79B00,S23E09
4E1500,S23E10
000000,S23E10
DB0000,S23E10
FFEC00,S23E10
5F2E1F,S23E10
FFB800,S23E10
0C0040,S23E10
102E3C,S23E10
021E44,S23E10
0A3410,S23E10
FFFFFF,S23E10
221B15,S23E10
C79B00,S23E10
DB0000,S23E11
5F2E1F,S23E11
000000,S23E11
0C0040,S23E11
102E3C,S23E11
021E44,S23E11
FFFFFF,S23E11
221B15,S23E11
C79B00,S23E11
4E1500,S23E12
FFEC00,S23E12
5F2E1F,S23E12
000000,S23E12
0C0040,S23E12
FFFFFF,S23E12
221B15,S23E12
C79B00,S23E12
4E1500,S23E13
5F2E1F,S23E13
000000,S23E13
0C0040,S23E13
021E44,S23E13
FFFFFF,S23E13
221B15,S23E13
4E1500,S24E01
DB0000,S24E01
FFEC00,S24E01
5F2E1F,S24E01
FFB800,S24E01
000000,S24E01
0C0040,S24E01
102E3C,S24E01
021E44,S24E01
0A3410,S24E01
FFFFFF,S24E01
221B15,S24E01
C79B00,S24E01
4E1500,S24E02
000000,S24E02
DB0000,S24E02
5F2E1F,S24E02
0C0040,S24E02
021E44,S24E02
0A3410,S24E02
FFFFFF,S24E02
221B15,S24E02
C79B00,S24E02
4E1500,S24E03
000000,S24E03
0C0040,S24E03
021E44,S24E03
0A3410,S24E03
FFFFFF,S24E03
4E1500,S24E04
000000,S24E04
DB0000,S24E04
FFEC00,S24E04
FFB800,S24E04
FFFFFF,S24E04
0C0040,S24E04
021E44,S24E04
0A3410,S24E04
C79B00,S24E04
4E1500,S24E05
000000,S24E05
DB0000,S24E05
FFEC00,S24E05
FFB800,S24E05
FFFFFF,S24E05
0C0040,S24E05
102E3C,S24E05
021E44,S24E05
0A3410,S24E05
C79B00,S24E05
4E1500,S24E06
DB0000,S24E06
FFEC00,S24E06
5F2E1F,S24E06
FFB800,S24E06
000000,S24E06
0C0040,S24E06
021E44,S24E06
0A3410,S24E06
FFFFFF,S24E06
221B15,S24E06
C79B00,S24E06
4E1500,S24E07
000000,S24E07
DB0000,S24E07
FFEC00,S24E07
FFB800,S24E07
0C0040,S24E07
021E44,S24E07
0A3410,S24E07
FFFFFF,S24E07
C79B00,S24E07
4E1500,S24E08
000000,S24E08
DB0000,S24E08
FFEC00,S24E08
5F2E1F,S24E08
FFB800,S24E08
FFFFFF,S24E08
0C0040,S24E08
102E3C,S24E08
021E44,S24E08
0A3410,S24E08
221B15,S24E08
C79B00,S24E08
4E1500,S24E09
DB0000,S24E09
FFEC00,S24E09
5F2E1F,S24E09
FFB800,S24E09
000000,S24E09
021E44,S24E09
0A3410,S24E09
FFFFFF,S24E09
221B15,S24E09
C79B00,S24E09
4E1500,S24E10
FFEC00,S24E10
000000,S24E10
0C0040,S24E10
102E3C,S24E10
0A3410,S24E10
FFFFFF,S24E10
C79B00,S24E10
4E1500,S24E11
000000,S24E11
0C0040,S24E11
021E44,S24E11
FFFFFF,S24E11
4E1500,S24E12
DB0000,S24E12
FFEC00,S24E12
5F2E1F,S24E12
FFB800,S24E12
000000,S24E12
0C0040,S24E12
102E3C,S24E12
021E44,S24E12
0A3410,S24E12
FFFFFF,S24E12
221B15,S24E12
C79B00,S24E12
4E1500,S24E13
000000,S24E13
FFFFFF,S24E13
0C0040,S24E13
021E44,S24E13
0A3410,S24E13
4E1500,S25E01
DB0000,S25E01
FFEC00,S25E01
5F2E1F,S25E01
FFB800,S25E01
000000,S25E01
0C0040,S25E01
102E3C,S25E01
021E44,S25E01
0A3410,S25E01
FFFFFF,S25E01
221B15,S25E01
C79B00,S25E01
4E1500,S25E02
000000,S25E02
FFB800,S25E02
0A3410,S25E02
FFFFFF,S25E02
C79B00,S25E02
4E1500,S25E03
000000,S25E03
FFEC00,S25E03
5F2E1F,S25E03
021E44,S25E03
FFFFFF,S25E03
221B15,S25E03
C79B00,S25E03
4E1500,S25E04
000000,S25E04
DB0000,S25E04
FFEC00,S25E04
5F2E1F,S25E04
FFB800,S25E04
FFFFFF,S25E04
0C0040,S25E04
021E44,S25E04
0A3410,S25E04
221B15,S25E04
C79B00,S25E04
4E1500,S25E05
DB0000,S25E05
FFEC00,S25E05
5F2E1F,S25E05
FFB800,S25E05
000000,S25E05
021E44,S25E05
0A3410,S25E05
FFFFFF,S25E05
221B15,S25E05
C79B00,S25E05
4E1500,S25E06
DB0000,S25E06
FFEC00,S25E06
5F2E1F,S25E06
FFB800,S25E06
000000,S25E06
021E44,S25E06
0A3410,S25E06
FFFFFF,S25E06
221B15,S25E06
C79B00,S25E06
4E1500,S25E07
000000,S25E07
DB0000,S25E07
FFEC00,S25E07
5F2E1F,S25E07
FFB800,S25E07
FFFFFF,S25E07
0C0040,S25E07
0A3410,S25E07
221B15,S25E07
C79B00,S25E07
4E1500,S25E08
DB0000,S25E08
FFEC00,S25E08
5F2E1F,S25E08
FFB800,S25E08
000000,S25E08
0C0040,S25E08
021E44,S25E08
0A3410,S25E08
FFFFFF,S25E08
221B15,S25E08
C79B00,S25E08
4E1500,S25E09
000000,S25E09
DB0000,S25E09
FFEC00,S25E09
5F2E1F,S25E09
FFB800,S25E09
0C0040,S25E09
102E3C,S25E09
021E44,S25E09
0A3410,S25E09
FFFFFF,S25E09
221B15,S25E09
C79B00,S25E09
4E1500,S25E10
FFEC00,S25E10
5F2E1F,S25E10
000000,S25E10
021E44,S25E10
0A3410,S25E10
FFFFFF,S25E10
221B15,S25E10
4E1500,S25E11
000000,S25E11
DB0000,S25E11
FFEC00,S25E11
5F2E1F,S25E11
FFB800,S25E11
021E44,S25E11
0A3410,S25E11
FFFFFF,S25E11
221B15,S25E11
C79B00,S25E11
4E1500,S25E12
DB0000,S25E12
FFEC00,S25E12
5F2E1F,S25E12
FFB800,S25E12
000000,S25E12
021E44,S25E12
0A3410,S25E12
FFFFFF,S25E12
221B15,S25E12
C79B00,S25E12
4E1500,S25E13
DB0000,S25E13
FFEC00,S25E13
5F2E1F,S25E13
FFB800,S25E13
000000,S25E13
021E44,S25E13
0A3410,S25E13
FFFFFF,S25E13
221B15,S25E13
C79B00,S25E13
4E1500,S26E01
FFEC00,S26E01
5F2E1F,S26E01
FFB800,S26E01
000000,S26E01
021E44,S26E01
0A3410,S26E01
FFFFFF,S26E01
221B15,S26E01
C79B00,S26E01
4E1500,S26E02
DB0000,S26E02
FFEC00,S26E02
FFB800,S26E02
000000,S26E02
021E44,S26E02
0A3410,S26E02
FFFFFF,S26E02
C79B00,S26E02
4E1500,S26E03
DB0000,S26E03
FFEC00,S26E03
5F2E1F,S26E03
FFB800,S26E03
000000,S26E03
0C0040,S26E03
021E44,S26E03
0A3410,S26E03
FFFFFF,S26E03
221B15,S26E03
C79B00,S26E03
4E1500,S26E04
000000,S26E04
DB0000,S26E04
FFEC00,S26E04
5F2E1F,S26E04
FFB800,S26E04
FFFFFF,S26E04
0C0040,S26E04
102E3C,S26E04
021E44,S26E04
0A3410,S26E04
221B15,S26E04
C79B00,S26E04
4E1500,S26E05
DB0000,S26E05
FFEC00,S26E05
5F2E1F,S26E05
FFB800,S26E05
000000,S26E05
0C0040,S26E05
102E3C,S26E05
021E44,S26E05
0A3410,S26E05
FFFFFF,S26E05
221B15,S26E05
C79B00,S26E05
4E1500,S26E06
5F2E1F,S26E06
000000,S26E06
021E44,S26E06
FFFFFF,S26E06
221B15,S26E06
000000,S26E07
FFB800,S26E07
0C0040,S26E07
021E44,S26E07
FFFFFF,S26E07
4E1500,S26E08
DB0000,S26E08
FFEC00,S26E08
5F2E1F,S26E08
FFB800,S26E08
000000,S26E08
0C0040,S26E08
021E44,S26E08
0A3410,S26E08
FFFFFF,S26E08
221B15,S26E08
C79B00,S26E08
4E1500,S26E09
000000,S26E09
DB0000,S26E09
FFEC00,S26E09
5F2E1F,S26E09
FFB800,S26E09
0C0040,S26E09
0A3410,S26E09
FFFFFF,S26E09
221B15,S26E09
C79B00,S26E09
4E1500,S26E10
DB0000,S26E10
FFEC00,S26E10
5F2E1F,S26E10
FFB800,S26E10
000000,S26E10
0C0040,S26E10
102E3C,S26E10
021E44,S26E10
0A3410,S26E10
FFFFFF,S26E10
221B15,S26E10
C79B00,S26E10
4E1500,S26E11
000000,S26E11
DB0000,S26E11
FFEC00,S26E11
5F2E1F,S26E11
0C0040,S26E11
102E3C,S26E11
FFFFFF,S26E11
221B15,S26E11
4E1500,S26E12
DB0000,S26E12
FFEC00,S26E12
5F2E1F,S26E12
FFB800,S26E12
000000,S26E12
0C0040,S26E12
021E44,S26E12
0A3410,S26E12
FFFFFF,S26E12
221B15,S26E12
C79B00,S26E12
000000,S26E13
FFEC00,S26E13
FFFFFF,S26E13
021E44,S26E13
0A3410,S26E13
4E1500,S27E01
000000,S27E01
DB0000,S27E01
FFEC00,S27E01
5F2E1F,S27E01
FFB800,S27E01
FFFFFF,S27E01
0C0040,S27E01
221B15,S27E01
4E1500,S27E02
DB0000,S27E02
FFEC00,S27E02
5F2E1F,S27E02
FFB800,S27E02
000000,S27E02
FFFFFF,S27E02
0C0040,S27E02
102E3C,S27E02
021E44,S27E02
0A3410,S27E02
221B15,S27E02
C79B00,S27E02
4E1500,S27E03
FFEC00,S27E03
FFB800,S27E03
000000,S27E03
0A3410,S27E03
FFFFFF,S27E03
4E1500,S27E04
DB0000,S27E04
FFEC00,S27E04
5F2E1F,S27E04
FFB800,S27E04
000000,S27E04
FFFFFF,S27E04
0C0040,S27E04
102E3C,S27E04
021E44,S27E04
0A3410,S27E04
221B15,S27E04
C79B00,S27E04
4E1500,S27E05
5F2E1F,S27E05
FFFFFF,S27E05
000000,S27E05
021E44,S27E05
221B15,S27E05
4E1500,S27E06
DB0000,S27E06
FFEC00,S27E06
FFB800,S27E06
000000,S27E06
0A3410,S27E06
FFFFFF,S27E06
C79B00,S27E06
4E1500,S27E07
DB0000,S27E07
FFEC00,S27E07
5F2E1F,S27E07
FFB800,S27E07
000000,S27E07
021E44,S27E07
0A3410,S27E07
FFFFFF,S27E07
221B15,S27E07
C79B00,S27E07
4E1500,S27E08
FFEC00,S27E08
5F2E1F,S27E08
000000,S27E08
021E44,S27E08
FFFFFF,S27E08
221B15,S27E08
4E1500,S27E09
DB0000,S27E09
FFEC00,S27E09
5F2E1F,S27E09
FFB800,S27E09
FFFFFF,S27E09
000000,S27E09
0C0040,S27E09
102E3C,S27E09
221B15,S27E09
C79B00,S27E09
4E1500,S27E10
000000,S27E10
FFFFFF,S27E10
221B15,S27E10
C79B00,S27E10
4E1500,S27E11
5F2E1F,S27E11
000000,S27E11
FFFFFF,S27E11
0C0040,S27E11
021E44,S27E11
221B15,S27E11
4E1500,S27E12
000000,S27E12
DB0000,S27E12
FFEC00,S27E12
5F2E1F,S27E12
FFB800,S27E12
FFFFFF,S27E12
0C0040,S27E12
021E44,S27E12
0A3410,S27E12
221B15,S27E12
C79B00,S27E12
4E1500,S27E13
DB0000,S27E13
FFEC00,S27E13
FFB800,S27E13
000000,S27E13
0C0040,S27E13
0A3410,S27E13
FFFFFF,S27E13
C79B00,S27E13
4E1500,S28E01
DB0000,S28E01
FFEC00,S28E01
5F2E1F,S28E01
FFB800,S28E01
000000,S28E01
0C0040,S28E01
021E44,S28E01
0A3410,S28E01
FFFFFF,S28E01
221B15,S28E01
C79B00,S28E01
4E1500,S28E02
DB0000,S28E02
FFEC00,S28E02
000000,S28E02
0C0040,S28E02
021E44,S28E02
0A3410,S28E02
FFFFFF,S28E02
C79B00,S28E02
4E1500,S28E03
DB0000,S28E03
FFEC00,S28E03
5F2E1F,S28E03
FFB800,S28E03
000000,S28E03
0C0040,S28E03
021E44,S28E03
0A3410,S28E03
FFFFFF,S28E03
221B15,S28E03
C79B00,S28E03
4E1500,S28E04
000000,S28E04
FFB800,S28E04
FFFFFF,S28E04
0C0040,S28E04
021E44,S28E04
0A3410,S28E04
4E1500,S28E05
DB0000,S28E05
FFEC00,S28E05
FFB800,S28E05
FFFFFF,S28E05
000000,S28E05
0C0040,S28E05
0A3410,S28E05
C79B00,S28E05
4E1500,S28E06
DB0000,S28E06
FFEC00,S28E06
5F2E1F,S28E06
FFB800,S28E06
000000,S28E06
0C0040,S28E06
021E44,S28E06
0A3410,S28E06
FFFFFF,S28E06
221B15,S28E06
C79B00,S28E06
4E1500,S28E07
DB0000,S28E07
FFEC00,S28E07
FFB800,S28E07
000000,S28E07
0C0040,S28E07
0A3410,S28E07
FFFFFF,S28E07
C79B00,S28E07
4E1500,S28E08
000000,S28E08
DB0000,S28E08
FFEC00,S28E08
5F2E1F,S28E08
FFB800,S28E08
0C0040,S28E08
021E44,S28E08
0A3410,S28E08
FFFFFF,S28E08
221B15,S28E08
C79B00,S28E08
000000,S28E09
0C0040,S28E09
021E44,S28E09
FFFFFF,S28E09
4E1500,S28E10
DB0000,S28E10
FFEC00,S28E10
5F2E1F,S28E10
FFB800,S28E10
000000,S28E10
0C0040,S28E10
0A3410,S28E10
FFFFFF,S28E10
221B15,S28E10
C79B00,S28E10
4E1500,S28E11
000000,S28E11
DB0000,S28E11
FFEC00,S28E11
FFB800,S28E11
0C0040,S28E11
102E3C,S28E11
0A3410,S28E11
FFFFFF,S28E11
C79B00,S28E11
4E1500,S28E12
DB0000,S28E12
FFEC00,S28E12
5F2E1F,S28E12
FFB800,S28E12
000000,S28E12
0C0040,S28E12
102E3C,S28E12
021E44,S28E12
0A3410,S28E12
FFFFFF,S28E12
221B15,S28E12
C79B00,S28E12
4E1500,S28E13
DB0000,S28E13
FFEC00,S28E13
000000,S28E13
0C0040,S28E13
0A3410,S28E13
FFFFFF,S28E13
C79B00,S28E13
4E1500,S29E01
DB0000,S29E01
FFEC00,S29E01
5F2E1F,S29E01
FFB800,S29E01
000000,S29E01
0C0040,S29E01
102E3C,S29E01
021E44,S29E01
0A3410,S29E01
FFFFFF,S29E01
221B15,S29E01
C79B00,S29E01
4E1500,S29E02
DB0000,S29E02
FFEC00,S29E02
5F2E1F,S29E02
FFB800,S29E02
000000,S29E02
0A3410,S29E02
FFFFFF,S29E02
221B15,S29E02
C79B00,S29E02
4E1500,S29E03
DB0000,S29E03
FFEC00,S29E03
5F2E1F,S29E03
FFB800,S29E03
000000,S29E03
0C0040,S29E03
102E3C,S29E03
021E44,S29E03
0A3410,S29E03
FFFFFF,S29E03
221B15,S29E03
C79B00,S29E03
4E1500,S29E04
000000,S29E04
DB0000,S29E04
FFEC00,S29E04
5F2E1F,S29E04
FFB800,S29E04
FFFFFF,S29E04
0C0040,S29E04
021E44,S29E04
0A3410,S29E04
221B15,S29E04
C79B00,S29E04
4E1500,S29E05
DB0000,S29E05
FFEC00,S29E05
5F2E1F,S29E05
FFB800,S29E05
000000,S29E05
0C0040,S29E05
021E44,S29E05
0A3410,S29E05
FFFFFF,S29E05
221B15,S29E05
C79B00,S29E05
4E1500,S29E06
FFEC00,S29E06
000000,S29E06
0C0040,S29E06
102E3C,S29E06
021E44,S29E06
0A3410,S29E06
FFFFFF,S29E06
221B15,S29E06
4E1500,S29E07
000000,S29E07
DB0000,S29E07
FFEC00,S29E07
5F2E1F,S29E07
FFB800,S29E07
0A3410,S29E07
FFFFFF,S29E07
221B15,S29E07
C79B00,S29E07
4E1500,S29E08
DB0000,S29E08
FFEC00,S29E08
5F2E1F,S29E08
FFB800,S29E08
000000,S29E08
0C0040,S29E08
021E44,S29E08
0A3410,S29E08
FFFFFF,S29E08
221B15,S29E08
C79B00,S29E08
4E1500,S29E09
DB0000,S29E09
5F2E1F,S29E09
000000,S29E09
0C0040,S29E09
0A3410,S29E09
FFFFFF,S29E09
221B15,S29E09
C79B00,S29E09
4E1500,S29E10
000000,S29E10
DB0000,S29E10
021E44,S29E10
0A3410,S29E10
4E1500,S29E11
5F2E1F,S29E11
000000,S29E11
0C0040,S29E11
021E44,S29E11
FFFFFF,S29E11
221B15,S29E11
4E1500,S29E12
5F2E1F,S29E12
FFFFFF,S29E12
000000,S29E12
0C0040,S29E12
102E3C,S29E12
021E44,S29E12
221B15,S29E12
4E1500,S29E13
DB0000,S29E13
FFEC00,S29E13
5F2E1F,S29E13
FFB800,S29E13
000000,S29E13
0C0040,S29E13
021E44,S29E13
0A3410,S29E13
FFFFFF,S29E13
221B15,S29E13
C79B00,S29E13
4E1500,S30E01
000000,S30E01
DB0000,S30E01
FFEC00,S30E01
5F2E1F,S30E01
FFB800,S30E01
0C0040,S30E01
0A3410,S30E01
FFFFFF,S30E01
221B15,S30E01
C79B00,S30E01
4E1500,S30E02
000000,S30E02
DB0000,S30E02
FFEC00,S30E02
5F2E1F,S30E02
FFB800,S30E02
FFFFFF,S30E02
021E44,S30E02
0A3410,S30E02
221B15,S30E02
C79B00,S30E02
4E1500,S30E03
DB0000,S30E03
5F2E1F,S30E03
FFB800,S30E03
000000,S30E03
0C0040,S30E03
021E44,S30E03
FFFFFF,S30E03
221B15,S30E03
C79B00,S30E03
4E1500,S30E04
000000,S30E04
DB0000,S30E04
FFEC00,S30E04
5F2E1F,S30E04
FFB800,S30E04
FFFFFF,S30E04
021E44,S30E04
0A3410,S30E04
221B15,S30E04
C79B00,S30E04
4E1500,S30E05
DB0000,S30E05
FFEC00,S30E05
5F2E1F,S30E05
FFB800,S30E05
FFFFFF,S30E05
000000,S30E05
0C0040,S30E05
021E44,S30E05
0A3410,S30E05
221B15,S30E05
C79B00,S30E05
4E1500,S30E06
FFEC00,S30E06
5F2E1F,S30E06
FFB800,S30E06
000000,S30E06
021E44,S30E06
0A3410,S30E06
FFFFFF,S30E06
221B15,S30E06
C79B00,S30E06
4E1500,S30E07
5F2E1F,S30E07
000000,S30E07
0C0040,S30E07
021E44,S30E07
FFFFFF,S30E07
221B15,S30E07
4E1500,S30E08
DB0000,S30E08
FFEC00,S30E08
5F2E1F,S30E08
FFB800,S30E08
000000,S30E08
0C0040,S30E08
102E3C,S30E08
021E44,S30E08
0A3410,S30E08
FFFFFF,S30E08
221B15,S30E08
C79B00,S30E08
4E1500,S30E09
DB0000,S30E09
FFEC00,S30E09
5F2E1F,S30E09
000000,S30E09
0C0040,S30E09
021E44,S30E09
0A3410,S30E09
FFFFFF,S30E09
221B15,S30E09
C79B00,S30E09
4E1500,S30E10
000000,S30E10
FFEC00,S30E10
5F2E1F,S30E10
FFB800,S30E10
FFFFFF,S30E10
0C0040,S30E10
021E44,S30E10
0A3410,S30E10
221B15,S30E10
4E1500,S30E11
DB0000,S30E11
FFEC00,S30E11
5F2E1F,S30E11
FFB800,S30E11
000000,S30E11
0C0040,S30E11
102E3C,S30E11
021E44,S30E11
0A3410,S30E11
FFFFFF,S30E11
221B15,S30E11
C79B00,S30E11
4E1500,S30E12
DB0000,S30E12
FFEC00,S30E12
5F2E1F,S30E12
FFB800,S30E12
000000,S30E12
0A3410,S30E12
FFFFFF,S30E12
221B15,S30E12
C79B00,S30E12
4E1500,S30E13
000000,S30E13
FFEC00,S30E13
5F2E1F,S30E13
FFB800,S30E13
0C0040,S30E13
021E44,S30E13
0A3410,S30E13
FFFFFF,S30E13
221B15,S30E13
C79B00,S30E13
4E1500,S31E01
DB0000,S31E01
FFEC00,S31E01
5F2E1F,S31E01
FFB800,S31E01
000000,S31E01
0C0040,S31E01
021E44,S31E01
0A3410,S31E01
FFFFFF,S31E01
221B15,S31E01
C79B00,S31E01
4E1500,S31E02
5F2E1F,S31E02
000000,S31E02
0C0040,S31E02
021E44,S31E02
FFFFFF,S31E02
221B15,S31E02
4E1500,S31E03
DB0000,S31E03
FFEC00,S31E03
5F2E1F,S31E03
FFB800,S31E03
000000,S31E03
0C0040,S31E03
021E44,S31E03
0A3410,S31E03
FFFFFF,S31E03
221B15,S31E03
C79B00,S31E03
4E1500,S31E04
DB0000,S31E04
FFEC00,S31E04
5F2E1F,S31E04
FFB800,S31E04
000000,S31E04
0C0040,S31E04
0A3410,S31E04
FFFFFF,S31E04
221B15,S31E04
C79B00,S31E04
4E1500,S31E05
5F2E1F,S31E05
000000,S31E05
0C0040,S31E05
021E44,S31E05
FFFFFF,S31E05
221B15,S31E05
4E1500,S31E06
DB0000,S31E06
FFEC00,S31E06
5F2E1F,S31E06
FFB800,S31E06
000000,S31E06
0C0040,S31E06
102E3C,S31E06
021E44,S31E06
0A3410,S31E06
FFFFFF,S31E06
221B15,S31E06
C79B00,S31E06
4E1500,S31E07
DB0000,S31E07
FFEC00,S31E07
5F2E1F,S31E07
FFB800,S31E07
000000,S31E07
021E44,S31E07
0A3410,S31E07
FFFFFF,S31E07
221B15,S31E07
C79B00,S31E07
4E1500,S31E08
000000,S31E08
5F2E1F,S31E08
FFFFFF,S31E08
0C0040,S31E08
0A3410,S31E08
221B15,S31E08
C79B00,S31E08
4E1500,S31E09
DB0000,S31E09
FFEC00,S31E09
5F2E1F,S31E09
FFB800,S31E09
000000,S31E09
0C0040,S31E09
102E3C,S31E09
021E44,S31E09
0A3410,S31E09
FFFFFF,S31E09
221B15,S31E09
C79B00,S31E09
4E1500,S31E10
000000,S31E10
DB0000,S31E10
FFEC00,S31E10
5F2E1F,S31E10
FFB800,S31E10
FFFFFF,S31E10
0C0040,S31E10
102E3C,S31E10
221B15,S31E10
C79B00,S31E10
4E1500,S31E11
DB0000,S31E11
FFEC00,S31E11
5F2E1F,S31E11
FFB800,S31E11
000000,S31E11
0C0040,S31E11
021E44,S31E11
0A3410,S31E11
FFFFFF,S31E11
221B15,S31E11
C79B00,S31E11
4E1500,S31E12
5F2E1F,S31E12
000000,S31E12
0C0040,S31E12
021E44,S31E12
FFFFFF,S31E12
221B15,S31E12
4E1500,S31E13
000000,S31E13
DB0000,S31E13
FFEC00,S31E13
5F2E1F,S31E13
FFB800,S31E13
0C0040,S31E13
0A3410,S31E13
FFFFFF,S31E13
221B15,S31E13
C79B00,S31E13
